name,email
John1,john1@yopmail.com
John2,john2@yopmail.com
John3,john3@yopmail.com
John4,john4@yopmail.com
John5,john5@yopmail.com
John6,john6@yopmail.com
John7,john7@yopmail.com
John8,john8@yopmail.com
John9,john9@yopmail.com
John10,john10@yopmail.com
John11,john11@yopmail.com
John12,john12@yopmail.com
John13,john13@yopmail.com
John14,john14@yopmail.com
John15,john15@yopmail.com
John16,john16@yopmail.com
John17,john17@yopmail.com
John18,john18@yopmail.com
John19,john19@yopmail.com
John20,john20@yopmail.com
